MusicName,Title,Composer,Illustrator,IllustrationPath,StartPreviewTime,EndPreviewTime,Chapter,Order,ChapterIndex
OblivionedPlanet,Oblivioned Planet,SigniFY,大柯,Img_OblivionedPlanet,0,19,Single,1,9001
TheLastWishes,The Last Wishes,Tachiol,Hebe朗,Img_TheLastWishes,33,57,Single,2,9001
Wakeup,WAKE UP,R-03,Hebe朗,Img_Wakeup,58,77,Single,3,9001
Planet,Planet,Fox-Mechanicalcat,大柯,Img_Planet,58,82,Single,4,9001
Fight,Fight,S2WH,2356,Img_Fight,58,78,Single,5,9001
MeineGrenzen,Meine Grenzen,Human Servant,Winderlust,Img_MeineGrenzen,53,77,Single,6,9001
HAPPYSTARCUTEYOUUP,HAPPY STAR CUTE YOU UP,Xerox7,渗透物,Img_HAPPYSTARCUTEYOUUP,43,60,Single,7,9001
Truly,Truly,AiSS,奇迹,Img_Truly,0,21,Single,8,9001
Liar,Liar,R_TOP,2356,Img_Liar,113,133,Single,9,9001
Breakthroughmyself,Break Through Myself feat. Risa Yuzuki,DJ Myosuke & Laur,半界,Img_Breakthroughmyself,0,25,Single,10,9001
Augenstern,Augenstern,Asher,月夕花朝,Img_Augenstern,0,17,Chapter1,1,1
Consciousofreality,Conscious of Reality (ft.Pamxel),Watch,维C,Img_Consciousofreality,88,108,Chapter1,2,1
Findyou,Find You,Jiuwenzi,REDE,Img_Findyou,111,142,Chapter1,3,1
Redemption,Redemption,ltz咸鱼 (ft.GM-penguin),拟态,Img_Redemption,109,128,Chapter1,4,1
Quondam,Quondam,R_TOP,奇迹,Img_Quondam,44,63,Chapter2,1,2
StarlightYou,Starlight & You,i3-XePH/一杯猫头,拟态,Img_StarlightYou,52,86,Chapter2,2,2
Generation,Generation,IAMMRGODIE,初雪后的静寂,Img_Generation,24,55,Chapter2,3,2
Dedication,Dedication,void (Mournfinale),REDE,Img_Dedication,109,129,Chapter2,4,2
RestrictedArea,Restricted Area,Crystal Cube,Winderlust,Img_RestrictedArea,122,151,Chapter2,5,2
Pluie,Pluie,Nirotiy,奇迹,Img_Pluie,35,65,Chapter2,6,2
Voicefromthedeepsea,Voice from the deep sea,Aamuvalo,石晓SHIXIAO,Img_Voicefromthedeepsea,65,89,Huanyun,1,5
Summonharah,Summon Harah,CPSQUQI,朗,Img_Summonharah,0,25,Huanyun,2,5
Swirl,Swirl,Nerovix,渗透物,Img_Swirl,45,76,Huanyun,3,5
guduqianqiusui,故都千秋岁,BingnaiX (ft.darkxixin),失眠慕斯,Img_guduqianqiusui,76,105,Huanyun,4,5
Deconstruction,Deconstruction,Mourminer/爆音常安,奇迹,Img_Deconstruction,36,79,Huanyun,5,5
Lunation,Lunation,RAI,诸君北面,Img_Lunation,110,138,Crystle,1,3
tianji,天玑,Ary-You,诸君北面,Img_tianji,0,26,Crystle,2,3
Unknownmelody,Unknown Melody,R_TOP,光头,Img_Unknownmelody,0,28,Crystle,3,3
Crosstheedge,Cross The Edge,NyanYou,栞,Img_Crosstheedge,60,81,Crystle,4,3
Shufflingthroughtherain,Shuffling through the rain ,Sta,奇迹,Img_Shufflingthroughtherain,0,30,Public,1,4
Shadyshady,Shadyshady,Sakuzyo,奇迹,Img_Shadyshady,64,105,Public,2,4
Abbreviation,-[abbreviation]- (EXOGE Edit.),佑木いずみ,麦珊,Img_Abbreviation,68,92,Public,3,4
ikasu,ikasu,ak+q,REDE,Img_ikasu,112,131,Public,4,4
IFInfinity,IF = Infinity,Simple Sound Team “Simpart”,渗透物,Img_IFInfinity,0,20,Public,5,4
felys,felys -final remix-,onoken,大沐 ft.朗,Img_felys,88,110,Public,6,4
Autism,旅月Autism,Aaricsoul,维生素B,Img_Autism,0,16,Start,1,9000
Augenstern_AprilFool,Augenstern,Asher,月夕花朝,Img_Augenstern,0,17,AprilFool,1,9002
Truly_AprilFool,Truly,AiSS,奇迹,Img_Truly,0,21,AprilFool,2,9002
